region,kt CO2e
Sweden,322531.46406011615
Switzerland,287167.9562370162
Germany,46560.06168835734
Italy,15124.720169451164
Netherlands,14814.53395968058
Denmark,12522.675464296457
France,12146.709484653788
Ireland,9159.979196334823
Rest of Asia,7922.981789804415
Belgium,6071.201927233983
United States,6062.342029962997
Finland,5597.656353169513
Norway,5593.925317082169
Poland,4889.35924528716
United Kingdom,3744.4884195630625
