,PBA_Sweden,CBA_Sweden,Net_PBA_minus_CBA
total_factor_inputs,561536.9699342482,537934.4386859246,23602.53124832362
