region,kt
Sweden,194085.89920814903
Rest of Asia,10338.12851804873
China,9244.903059082206
Germany,6111.699896890092
Poland,5424.885371688995
Norway,5327.770562536062
Denmark,4877.956748616208
United States,2984.5557554555235
Netherlands,2877.3630432321843
Finland,2671.0576091582334
India,2654.0024318446735
Rest of Latin America,1834.8904405904811
Italy,1670.6212368760005
Spain,1633.719072114023
United Kingdom,1627.9484575833112
