,value,Net
PBA,561536.9699342481,
CBA,537934.438686095,
