,PBA,CBA,Net
GHG_fossil_CO2e_kt,24926.888020822982,0.0,24926.888020822982
GHG_biogenic_CO2e_kt,427.9435639667996,0.0,427.9435639667996
