,PBA,CBA,Net
GHG_fossil_CO2e_kt,24926.888020793198,783346.1549827801,-758419.2669619869
GHG_biogenic_CO2e_kt,427.9435639670472,8068.33520179125,-7640.391637824203
