sector,PBA_kt CO2e
Paper for treatment: landfill,6245.776483815252
Food waste for treatment: landfill,5955.943085915591
Raw milk,3909.9780196658444
Cattle,2389.1105811070574
"Cement, lime and plaster",1255.3922269217514
Cereal grains nec,1064.7170681554126
Wheat,581.6841230943193
Plastic waste for treatment: landfill,478.9442489632228
Oil seeds,261.5626043650012
Food waste for treatment: composting and land application,252.58392566909438
