,PBA Stockholm,CBA Stockholm,Net (PBA - CBA),PBA Rest of Sweden
biomass,4535.867592225136,15882.606681251564,-11346.739089026429,59835.695080159756
fossil,48.226226087040004,6686.68024439936,-6638.45401831232,152.71638260896034
metals,20467.089934580956,9387.129234363341,11079.960700217614,64812.451459506425
minerals,30876.290743791535,45009.89123236824,-14133.600488576703,97796.42485329826
