,PBA Stockholm,CBA Stockholm,Net (PBA - CBA)
GHG_fossil_CO2e_kt,4121.9214682104775,0.0,4121.9214682104775
GHG_biogenic_CO2e_kt,93.71391588657696,0.0,93.71391588657696
