sector,PBA_Stockholm_kt
Sand and clay,29418.058039291176
Iron ores,10620.631070447993
Copper ores and concentrates,6419.692625807989
Precious metal ores and concentrates,2510.3126861567944
Stone,1457.7635227267208
