,PBA,CBA,Net trade (PBA - CBA),CBA / PBA ratio
Value added (M EUR),500709.19885983324,484738.8224701985,15970.376389634737,0.9681044877425841
GHG total (kt CO2e),54166.15309084108,94876.1019790443,-40709.94888820322,1.7515754131538435
Material total (kt),181305.8826369891,224395.30402941885,-43089.421392429766,1.237661463410448
